job title,compaany name,local job,jobs experience,link,date offer
Python Developer,Elarkan for construction,"Smouha, Alexandria, Egypt ",Part TimeFreelance / ProjectWork From HomeExperienced · 8 - 15 Yrs of Exp · IT/Software Development · Engineering - Telecom/Technology · HTML5 · JavaScript · Software Development · Python · Engineering,https://wuzzuf.net/jobs/p/z086le0bsWaG-Python-Developer-Elarkan-for-construction-Alexandria-Egypt,9 days
Python Developer,Fekra Technology Solutions and Construction,"Dokki, Giza, Egypt ",Full TimeWork From HomeExperienced · 3 - 5 Yrs of Exp · IT/Software Development · Engineering - Telecom/Technology · Computer Science · Development · Information Technology (IT) · Python · Remote · Software Development,https://wuzzuf.net/jobs/p/2bLeG0KBDf91-Python-Developer-Fekra-Technology-Solutions-and-Construction-Giza-Egypt,12 days
Python Developer,Afaqy,"Maadi, Cairo, Egypt ",Full TimeExperienced · 2 - 4 Yrs of Exp · IT/Software Development · Computer Science · Software Development · Python,https://wuzzuf.net/jobs/p/mzasDWYz0tei-Python-Developer-Afaqy-Cairo-Egypt,15 days
Python Developer,OdooTec,"New Cairo, Cairo, Egypt ",Full TimeExperienced · 2+ Yrs of Exp · Installation/Maintenance/Repair · IT/Software Development · Engineering - Telecom/Technology · Odoo · Django · CSS · Software Development · Information Technology (IT) · Python · Programming,https://wuzzuf.net/jobs/p/3YfHwo4GX00I-Python-Developer-OdooTec-Cairo-Egypt,24 days
Python Developer/Java Developer,Confidential,"Cairo, Egypt ",Full TimePart TimeWork From HomeExperienced · 3 - 9 Yrs of Exp · IT/Software Development · Engineering - Telecom/Technology · Java · Python · Programming · Software Development · Web,https://wuzzuf.net/jobs/p/Aql1HMu9SNov-Python-DeveloperJava-Developer-Cairo-Egypt,1 month
Senior Python Developer,NFQ Technologies,"Cairo, Egypt ",Full TimeNot specified · Business Development · IT/Software Development · Engineering - Telecom/Technology · Information Technology (IT) · Computer Science · Software Development · javaScript · Software Engineering · CSS · HTML,https://wuzzuf.net/jobs/p/EGQuAKhlQUE3-Senior-Python-Developer-NFQ-Technologies-Cairo-Egypt,1 month
Python Developer,RTX for Shipping,"Nasr City, Cairo, Egypt ",Full TimeEntry Level · 1 - 7 Yrs of Exp · IT/Software Development · Computer Science · Django · Flask · Python · JavaScript · computer,https://wuzzuf.net/jobs/p/I8QxFXZjctLP-Python-Developer-RTX-for-Shipping-Cairo-Egypt,1 month
Python | Odoo Developer,Confidential,"Cairo, Egypt ",Full TimeManager · 2+ Yrs of Exp · IT/Software Development · Odoo · Python · Developer,https://wuzzuf.net/jobs/p/AKMMHaDZYATk-Python-Odoo-Developer-Cairo-Egypt,1 month
Sennior Python Django Backend Developer,Your Parts,"Maadi, Cairo, Egypt ",Full TimeExperienced · 4 - 6 Yrs of Exp · IT/Software Development · Engineering - Telecom/Technology · Python · Django · RESTful · FastAPI · Information Technology (IT) · Computer Science · javaScript · HTML5,https://wuzzuf.net/jobs/p/4KzRQ9NN9feX-Sennior-Python-Django-Backend-Developer-Your-Parts-Cairo-Egypt,2 months
Junior Backend Software Developer (RESTful APIs & Django),Estafsar,"Sheikh Zayed, Giza, Egypt ",Full TimeHybridEntry Level · 0 - 1 Yrs of Exp · IT/Software Development · Engineering - Telecom/Technology · API · Python · Software Engineering,https://wuzzuf.net/jobs/p/oC0JUNxTVoDP-Junior-Backend-Software-Developer-RESTful-APIs-Django-Estafsar-Giza-Egypt,2 days
Backend Developer,GCV,"6th of October, Giza, Egypt ",Full TimeOn-siteExperienced · 1 - 3 Yrs of Exp · IT/Software Development · back-end · Engineering · Computer Science · Java · MySQL · Information Technology (IT) · Git · Programming · Software,https://wuzzuf.net/jobs/p/1Av1qiL7dFI9-Backend-Developer-GCV-Giza-Egypt,2 days
Data Scientist,Foreground Consultancy,"Riyadh, Saudi Arabia ",Full TimeNot specified · IT/Software Development · Analyst/Research · Engineering - Telecom/Technology · Python · Computer Science · Information Technology (IT) · SQL · Data Science · Data Scientist · Machine Learning,https://wuzzuf.net/jobs/p/FemTjU4mIbV7-Data-Scientist-Foreground-Consultancy-Riyadh-Saudi-Arabia,3 days
Site Reliability Engineer_VOIS,_VOIS,"Cairo, Egypt ",Full TimeNot specified · Installation/Maintenance/Repair · IT/Software Development · Engineering - Telecom/Technology · engineering · computer science · information technology (it) · aws · computer engineering · python · linux,https://wuzzuf.net/jobs/p/g/OX1zRKO0MHVp-Site-Reliability-EngineerVOIS-VOIS-Cairo-Egypt,2 hours
Junior DevOps SW Engineer _VOIS,_VOIS,"Cairo, Egypt ",Full TimeEntry Level · IT/Software Development · Engineering - Telecom/Technology · Engineering - Mechanical/Electrical · computer science · information technology (it) · computer engineering · devops · python · software engineering · aws,https://wuzzuf.net/jobs/p/8QnUChHmKdlR-Junior-DevOps-SW-Engineer-VOIS-VOIS-Cairo-Egypt,1 day
"Analyst, Data",ROSHN l روشن,"Riyadh, Saudi Arabia ",Full TimeEntry Level · IT/Software Development · Analyst/Research · Engineering - Telecom/Technology · Data Analysis · Analysis · Computer Science · Information Technology (IT) · SQL · Microsoft Office · Microsoft Excel,https://wuzzuf.net/jobs/p/g/eqba0vAUvLoR-Analyst-Data-ROSHN-l-روشن-Riyadh-Saudi-Arabia,4 hours
Data Analyst (0 Experience Required),Peroptyx,"Riyadh, Saudi Arabia ",Freelance / ProjectEntry Level · IT/Software Development · Analyst/Research · Engineering - Telecom/Technology · Data Analysis · Analysis · Computer Science · Information Technology (IT) · SQL · Microsoft Office · Microsoft Excel,https://wuzzuf.net/jobs/p/g/1y4EqimsYxtc-Data-Analyst-0-Experience-Required-Peroptyx-Riyadh-Saudi-Arabia,6 hours
Data Analyst,Rubikal,"Cairo, Egypt ",Full TimeWork From HomeNot specified · IT/Software Development · Analyst/Research · Engineering - Telecom/Technology · Data Analysis · Analysis · Computer Science · Information Technology (IT) · SQL · Microsoft Office · Microsoft Excel,https://wuzzuf.net/jobs/p/g/f9TNegS7en7M-Data-Analyst-Rubikal-Cairo-Egypt,17 hours
"Full Stack Engineer, Totogi (Remote) - $100,000/year USD",Crossover,"Cairo, Egypt ",Full TimeExperienced · IT/Software Development · Analyst/Research · Engineering - Telecom/Technology · Information Technology (IT) · Computer Science · Software Development · Software Engineering · javaScript · Engineering · MySQL,https://wuzzuf.net/jobs/p/pLrgFzx2kQSY-Full-Stack-Engineer-Totogi-Remote---100000year-USD-Crossover-Cairo-Egypt,1 day
"Data Analyst, Trilogy (Remote) - $100,000/year USD",Crossover,"Cairo, Egypt ",Full TimeExperienced · IT/Software Development · Analyst/Research · Engineering - Telecom/Technology · Data Analysis · Analysis · Computer Science · Information Technology (IT) · Microsoft Office · SQL · Microsoft Excel,https://wuzzuf.net/jobs/p/4g7ttLueN4Bd-Data-Analyst-Trilogy-Remote---100000year-USD-Crossover-Cairo-Egypt,1 day
Senior Data Engineer - ETL and IoT Integration Specialist,Confidential,"6th of October, Giza, Egypt ",Full TimeOn-siteManager · 4 - 7 Yrs of Exp · IT/Software Development · Computer Science · Information Technology (IT) · Programming · Python · Java · Security · Design · API · Scala,https://wuzzuf.net/jobs/p/S86GC5XJHujp-Senior-Data-Engineer---ETL-and-IoT-Integration-Specialist-Giza-Egypt,5 days
SDET (Software Development Engineer in Test),leantech.me,"Dubai, United Arab Emirates ",Full TimeNot specified · IT/Software Development · Quality · Engineering - Telecom/Technology · api · quality assurance · ruby · scrum · sdet · typescript · engineering,https://wuzzuf.net/jobs/p/yrYi470l2YwU-SDET-Software-Development-Engineer-in-Test-leantech-me-Dubai-United-Arab-Emirates,4 days
DevOps Engineer,Foreground Consultancy,"Dubai, United Arab Emirates ",Full TimeNot specified · Installation/Maintenance/Repair · IT/Software Development · Engineering - Telecom/Technology · Computer Science · Information Technology (IT) · DevOps · Software Development · Software Engineering · Engineering · Computer Engineering,https://wuzzuf.net/jobs/p/LiEqLOsrOpdZ-DevOps-Engineer-Foreground-Consultancy-Dubai-United-Arab-Emirates,3 days
Security Consultant,Help AG,"Abu Dhabi, United Arab Emirates ",Full TimeNot specified · IT/Software Development · Strategy/Consulting · Engineering - Telecom/Technology · Information Technology (IT) · Computer Science · Networking · Security · CCIE · CISSP · Engineering,https://wuzzuf.net/jobs/p/pozHk6YJl4jt-Security-Consultant-Help-AG-Abu-Dhabi-United-Arab-Emirates,4 days
Senior Odoo Developer,National Technology,"Nasr City, Cairo, Egypt ",Full TimeOn-siteExperienced · 3 - 5 Yrs of Exp · Business Development · IT/Software Development · Engineering - Telecom/Technology · Computer Science · Engineering · ERP · Information Technology (IT) · Java · JSF · MVC,https://wuzzuf.net/jobs/p/dwAVB5qaSRIk-Senior-Odoo-Developer-National-Technology-Cairo-Egypt,7 days
Security Consultant - Fortinet,Help AG,"Dubai, United Arab Emirates ",Full TimeNot specified · IT/Software Development · Strategy/Consulting · Engineering - Telecom/Technology · Information Technology (IT) · Computer Science · Networking · Security · CCIE · CISSP · Engineering,https://wuzzuf.net/jobs/p/iFCl2HsibOK1-Security-Consultant---Fortinet-Help-AG-Dubai-United-Arab-Emirates,5 days
Security Consultant - ZScaler,Help AG,"Dubai, United Arab Emirates ",Full TimeNot specified · IT/Software Development · Strategy/Consulting · Engineering - Telecom/Technology · Information Technology (IT) · Computer Science · Networking · Security · CCIE · CISSP · Engineering,https://wuzzuf.net/jobs/p/t9dK027r0Nw8-Security-Consultant---ZScaler-Help-AG-Dubai-United-Arab-Emirates,5 days
Learning & Development Officer,Centro Olaya,"Riyadh, Saudi Arabia ",Full TimeNot specified · IT/Software Development · Engineering - Telecom/Technology · Education/Teaching · Education · Learning · Training · Information Technology (IT) · Computer Science · Teaching · E-Learning,https://wuzzuf.net/jobs/p/Kmomb4Y7S4mX-Learning-Development-Officer-Centro-Olaya-Riyadh-Saudi-Arabia,5 days
Odoo Developer,Vettib,"Nasr City, Cairo, Egypt ",Freelance / ProjectHybridExperienced · 3 - 5 Yrs of Exp · IT/Software Development · Computer Science · developer · Information Technology (IT) · Python · Odoo,https://wuzzuf.net/jobs/p/T50N7Zz9RvlT-Odoo-Developer-Vettib-Cairo-Egypt,7 days
Windows Administrator,Emaratech,"Dubai, United Arab Emirates ",Full TimeNot specified · Installation/Maintenance/Repair · IT/Software Development · Engineering - Telecom/Technology · Information Technology (IT) · Computer Science · System Administration · Linux · Engineering · Installation · Computer Engineering,https://wuzzuf.net/jobs/p/Fyyl9TIDGOgl-Windows-Administrator-Emaratech-Dubai-United-Arab-Emirates,6 days
DevOps Engineer,Adecco,"Dubai, United Arab Emirates ",Full TimeNot specified · Installation/Maintenance/Repair · IT/Software Development · Engineering - Telecom/Technology · Computer Science · Information Technology (IT) · DevOps · Software Development · Software Engineering · Engineering · Computer Engineering,https://wuzzuf.net/jobs/p/djD79y5Bg6np-DevOps-Engineer-Adecco-Dubai-United-Arab-Emirates,6 days
Cloud Engineer,Link Datacenter,"Maadi, Cairo, Egypt ",Full TimeOn-siteExperienced · 2 - 4 Yrs of Exp · Installation/Maintenance/Repair · IT/Software Development · Engineering - Telecom/Technology · Cloud · Azure · Computer Science · DNS · Docker · Engineering · English,https://wuzzuf.net/jobs/p/qmnUpf7RMzxr-Cloud-Engineer-Link-Datacenter-Cairo-Egypt,7 days
Data Analyst,Ali Bin Ali,"Doha, Qatar ",Full TimeExperienced · 5+ Yrs of Exp · IT/Software Development · Analyst/Research · Engineering - Telecom/Technology · Data Analysis · Analysis · Computer Science · Information Technology (IT) · SQL · Microsoft Office · Microsoft Excel,https://wuzzuf.net/jobs/p/WoNO2ESYMnSX-Data-Analyst-Ali-Bin-Ali-Doha-Qatar,6 days
Odoo Developer,National Technology,"Nasr City, Cairo, Egypt ",Full TimeOn-siteExperienced · 1 - 2 Yrs of Exp · Installation/Maintenance/Repair · IT/Software Development · Engineering - Telecom/Technology · business · Communication skills · Computer Science · Information Technology (IT) · Odoo · Python,https://wuzzuf.net/jobs/p/antADnkzc54a-Odoo-Developer-National-Technology-Cairo-Egypt,7 days
Backup Administrator - (Proficiency in French Language is required),DeepSource,"Cairo, Egypt ",Full TimeNot specified · Installation/Maintenance/Repair · IT/Software Development · Engineering - Telecom/Technology · Information Technology (IT) · Computer Science · System Administration · Engineering · Data Backup · Backup · SQL,https://wuzzuf.net/jobs/p/8iny52Um56dL-Backup-Administrator---Proficiency-in-French-Language-is-required-DeepSource-Cairo-Egypt,8 days
Lead Operation Engineer,NPCC,"Dubai, United Arab Emirates ",Full TimeNot specified · IT/Software Development · Engineering - Telecom/Technology · Engineering - Mechanical/Electrical · Engineering · Information Technology (IT) · Computer Science · Operations · Software Development · Software Engineering · Mechanical Engineering,https://wuzzuf.net/jobs/p/UlEbvoHhqylv-Lead-Operation-Engineer-NPCC-Dubai-United-Arab-Emirates,9 days
Senior Consultant for Risk and Compliance (Arabic Speaking),Corporate General Solutions (Pvt.) Ltd,"Riyadh, Saudi Arabia ",Full TimeNot specified · Accounting/Finance · IT/Software Development · Computer Science · Information Technology (IT) · CIA · Java · .NET · Accounting · CPA · Commerce,https://wuzzuf.net/jobs/p/VOIAj3aULzE3-Senior-Consultant-for-Risk-and-Compliance-Arabic-Speaking-Corporate-General-Solutions-Pvt-Ltd-Riyadh-Saudi-Arabia,10 days
App/ Software / Solution Architect,Sscegypt,"Cairo, Egypt ",Full TimeNot specified · IT/Software Development · Engineering - Telecom/Technology · Information Technology (IT) · Computer Science · Software Development · Software Engineering · Computer Engineering · POC · CSS · Design Documents,https://wuzzuf.net/jobs/p/u6LOlA48uOxn-App-Software-Solution-Architect-Sscegypt-Cairo-Egypt,11 days
Lead DevOps Engineer,"Integrant, Inc.","Cairo, Egypt ",Full TimeNot specified · Installation/Maintenance/Repair · IT/Software Development · Engineering - Telecom/Technology · Computer Science · Information Technology (IT) · DevOps · Engineering · Software Development · AWS · Software Engineering,https://wuzzuf.net/jobs/p/G7e5CTv1bVzw-Lead-DevOps-Engineer-Integrant-Inc-Cairo-Egypt,11 days
Senior Data Scientist II,Alphapartners,"Dubai, United Arab Emirates ",Full TimeNot specified · R&D/Science · IT/Software Development · Engineering - Telecom/Technology · Computer Science · Engineering · Information Technology (IT) · SQL · Data Science · Java · Python,https://wuzzuf.net/jobs/p/T5W2p0XgpwIg-Senior-Data-Scientist-II-Alphapartners-Dubai-United-Arab-Emirates,11 days
App/ Software / Solution Architect,SSC,"Cairo, Egypt ",Full TimeNot specified · IT/Software Development · Engineering - Telecom/Technology · Information Technology (IT) · Computer Science · Software Development · Software Engineering · Computer Engineering · POC · CSS · Design Documents,https://wuzzuf.net/jobs/p/Ld8EG1zXbSal-App-Software-Solution-Architect-SSC-Cairo-Egypt,10 days
"Senior Backend Engineer, Talent Operations",WorkMotion,"Cairo, Egypt ",Full TimeWork From HomeNot specified · Installation/Maintenance/Repair · IT/Software Development · Engineering - Telecom/Technology · Information Technology (IT) · Computer Science · Software Development · Software Engineering · Engineering · AWS · SQL,https://wuzzuf.net/jobs/p/rcoGj4MenPPW-Senior-Backend-Engineer-Talent-Operations-WorkMotion-Cairo-Egypt,11 days
Azure Administrator,VAM Systems,"Dubai, United Arab Emirates ",Full TimeNot specified · Installation/Maintenance/Repair · IT/Software Development · Engineering - Telecom/Technology · Information Technology (IT) · Computer Science · Azure · System Administration · Linux · AWS · Engineering,https://wuzzuf.net/jobs/p/Gwr4Na1OBs4F-Azure-Administrator-VAM-Systems-Dubai-United-Arab-Emirates,11 days
Process Engineer,Stantec,"Dubai, United Arab Emirates ",Full TimeNot specified · IT/Software Development · Engineering - Telecom/Technology · Engineering - Mechanical/Electrical · Engineering · Computer Science · Information Technology (IT) · Mechanical Engineering · Production · Software Engineering · Software Development,https://wuzzuf.net/jobs/p/lqymNwxPG3oW-Process-Engineer-Stantec-Dubai-United-Arab-Emirates,12 days
Senior Data Scientist,Etisalat Egypt,"Maadi, Cairo, Egypt ",Full TimeExperienced · 2 - 6 Yrs of Exp · IT/Software Development · Analyst/Research · Engineering - Telecom/Technology · Analysis · Computer Science · Data Analysis · Testing · Information Technology (IT) · Python · Software Development,https://wuzzuf.net/jobs/p/0fJbtLQ9Ebcd-Senior-Data-Scientist-Etisalat-Egypt-Cairo-Egypt,13 days
Senior Developer,OdooTec,"Cairo, Egypt ",Full TimeExperienced · 3 - 5 Yrs of Exp · IT/Software Development · Computer Science · CSS · Information Technology (IT) · Software Development · C# · Python · Software Engineering · Programming,https://wuzzuf.net/jobs/p/r2nzOCoSsWRN-Senior-Developer-OdooTec-Cairo-Egypt,13 days
Data Center Engineer,VAS Integrated Solutions,"Cairo, Egypt ",Full TimeNot specified · IT/Software Development · Sales/Retail · Engineering - Telecom/Technology · Information Technology (IT) · Computer Science · Engineering · Computer Engineering · Data Center · Sales · Software Engineering,https://wuzzuf.net/jobs/p/R7GGhjC2mCH6-Data-Center-Engineer-VAS-Integrated-Solutions-Cairo-Egypt,12 days
Senior Software Devops + GCP Engineer _VOIS,Vodafone - Egypt,"Cairo, Egypt ",Full TimeNot specified · Installation/Maintenance/Repair · IT/Software Development · Engineering - Telecom/Technology · computer science · information technology (it) · software development · devops · software engineering · docker · agile,https://wuzzuf.net/jobs/p/LZAQahkzXdOY-Senior-Software-Devops-GCP-Engineer-VOIS-Vodafone---Egypt-Cairo-Egypt,13 days
Data Analyst,Raya Trade & Distribution,"Cairo, Egypt ",Full TimeNot specified · IT/Software Development · Analyst/Research · Engineering - Telecom/Technology · Data Analysis · Analysis · Computer Science · Information Technology (IT) · SQL · Microsoft Office · Microsoft Excel,https://wuzzuf.net/jobs/p/E8K0q6eUGDCP-Data-Analyst-Raya-Trade-Distribution-Cairo-Egypt,13 days
Development Tech Lead,KnowledgeNet,"Cairo, Egypt ",Full TimeNot specified · Business Development · IT/Software Development · Engineering - Telecom/Technology · Information Technology (IT) · Computer Science · Software Development · Software Engineering · javaScript · Engineering · Computer Engineering,https://wuzzuf.net/jobs/p/iMSth09NbWas-Development-Tech-Lead-KnowledgeNet-Cairo-Egypt,13 days
Azure Administrator,VAM Systems,"Doha, Qatar ",Full TimeNot specified · Installation/Maintenance/Repair · IT/Software Development · Engineering - Telecom/Technology · Information Technology (IT) · Computer Science · Azure · System Administration · Linux · AWS · Engineering,https://wuzzuf.net/jobs/p/2v9MmrEEfp7s-Azure-Administrator-VAM-Systems-Doha-Qatar,13 days
RPA & Digital Solutions Engineer,Vodafone - Egypt,"Cairo, Egypt ",Full TimeNot specified · IT/Software Development · Analyst/Research · Engineering - Telecom/Technology · RPA · Computer Science · Information Technology (IT) · Software Development · Software Engineering · C# · Java,https://wuzzuf.net/jobs/p/f2YJx3QAiHdZ-RPA-Digital-Solutions-Engineer-Vodafone---Egypt-Cairo-Egypt,14 days
Devops Engineer,3i Vision LTD.,"Hadayek Alahram, Giza, Egypt ",Full TimeWork From HomeExperienced · 2 - 4 Yrs of Exp · IT/Software Development · DevOps · Computer Science · AWS · Docker · Engineering · Information Technology (IT) · Python · Java · SQL,https://wuzzuf.net/jobs/p/46xjN49fkyrL-Devops-Engineer-3i-Vision-LTD-Giza-Egypt,14 days
Data Analyst Trainee,DigitalQatalyst DMCC,"Dubai, United Arab Emirates ",Full TimeNot specified · IT/Software Development · Analyst/Research · Engineering - Telecom/Technology · Data Analysis · Analysis · Computer Science · Information Technology (IT) · Microsoft Office · SQL · Microsoft Excel,https://wuzzuf.net/jobs/p/9nqQzef7Wh8U-Data-Analyst-Trainee-DigitalQatalyst-DMCC-Dubai-United-Arab-Emirates,14 days
Senior Odoo Developer,Boutiqaat,"Heliopolis, Cairo, Egypt ",Full TimeExperienced · 3 - 8 Yrs of Exp · Installation/Maintenance/Repair · IT/Software Development · Engineering - Telecom/Technology · Agile · Computer Science · Development · ERP · Information Technology (IT) · Odoo · Python,https://wuzzuf.net/jobs/p/jsQJL7AbnAPQ-Senior-Odoo-Developer-Boutiqaat-Cairo-Egypt,14 days
Data Analyst,Raya Holding for Financial Investments,"Cairo, Egypt ",Full TimeNot specified · IT/Software Development · Analyst/Research · Engineering - Telecom/Technology · Data Analysis · Analysis · Computer Science · Information Technology (IT) · SQL · Microsoft Office · Microsoft Excel,https://wuzzuf.net/jobs/p/3dVHuZthIjzM-Data-Analyst-Raya-Holding-for-Financial-Investments-Cairo-Egypt,14 days
"Business Analyst, Lastmile Programs",Amazon Group,"Cairo, Egypt ",Full TimeNot specified · IT/Software Development · Analyst/Research · Engineering - Telecom/Technology · information technology (it) · computer science · software development · sql · analysis · business analysis · engineering,https://wuzzuf.net/jobs/p/cTkguyx15E9Q-Business-Analyst-Lastmile-Programs-Amazon-Group-Cairo-Egypt,15 days
Senior Devops Engineer { Odoo System},Ejadtech,"Dokki, Giza, Egypt ",Full TimeExperienced · 5 - 8 Yrs of Exp · IT/Software Development · Kubernetes · Jenkins · Python · Docker · Git · AWS · Odoo,https://wuzzuf.net/jobs/p/rnyRbNK1QOZv-Senior-Devops-Engineer-Odoo-System-Ejadtech-Giza-Egypt,15 days
Software Development Team Lead,OdooTec,"New Cairo, Cairo, Egypt ",Full TimeManager · 5+ Yrs of Exp · IT/Software Development · Python · Information Technology (IT) · Software Development · HTML · ERP · Odoo,https://wuzzuf.net/jobs/p/LBFhcCYczn5V-Software-Development-Team-Lead-OdooTec-Cairo-Egypt,16 days
Senior Odoo Developer,Confidential,"Alibrahimiyyah, Alexandria, Egypt ",Full TimeExperienced · 3 - 7 Yrs of Exp · IT/Software Development · Project/Program Management · Computer Science · PostgreSQL · Programming · Python · Software Development,https://wuzzuf.net/jobs/p/AyAOxuIwQpXB-Senior-Odoo-Developer-Alexandria-Egypt,18 days
Odoo Developer,Confidential,"Cairo, Egypt ",Full TimeExperienced · 2 - 7 Yrs of Exp · IT/Software Development · Engineering - Telecom/Technology · Computer Science · ERP · CSS · HTML · Information Technology (IT) · JavaScript · jQuery · Odoo,https://wuzzuf.net/jobs/p/zeESzSpls956-Odoo-Developer-Cairo-Egypt,18 days
Linux Web/System Engineer,Misr Technology Services,"Cairo, Egypt ",Full TimeNot specified · Installation/Maintenance/Repair · IT/Software Development · Engineering - Telecom/Technology · Linux · Information Technology (IT) · Computer Science · System Administration · MySQL · Engineering · Python,https://wuzzuf.net/jobs/p/zkjkNy4DBqZj-Linux-WebSystem-Engineer-Misr-Technology-Services-Cairo-Egypt,18 days
Data Scientist,Atribs Metscon,"Abu Dhabi, United Arab Emirates ",Full TimeNot specified · IT/Software Development · Analyst/Research · Engineering - Telecom/Technology · Python · Computer Science · Information Technology (IT) · SQL · Data Science · Data Scientist · Machine Learning,https://wuzzuf.net/jobs/p/H8MX6JFuRlAd-Data-Scientist-Atribs-Metscon-Abu-Dhabi-United-Arab-Emirates,19 days
AWS DevOps Engineer,SellAnyCar.com,"Dubai, United Arab Emirates ",Full TimeNot specified · Installation/Maintenance/Repair · IT/Software Development · Engineering - Telecom/Technology · Computer Science · Information Technology (IT) · DevOps · AWS · Linux · Docker · Software Development,https://wuzzuf.net/jobs/p/LyQhKxTaSeZx-AWS-DevOps-Engineer-SellAnyCar-com-Dubai-United-Arab-Emirates,19 days
Junior/Mid Full Stack Engineer (PHP Laravel),Convertedin,"Cairo, Egypt ",Full TimeNot specified · IT/Software Development · Analyst/Research · Engineering - Telecom/Technology · Information Technology (IT) · Computer Science · Software Development · javaScript · Software Engineering · Full Stack · Engineering,https://wuzzuf.net/jobs/p/9dprpdVCmdtm-JuniorMid-Full-Stack-Engineer-PHP-Laravel-Convertedin-Cairo-Egypt,19 days
Senior Odoo developer,Confidential,"Giza, Egypt ",Full TimeExperienced · 3 - 5 Yrs of Exp · IT/Software Development · Engineering - Telecom/Technology · Software Development · Development · Odoo Development · Odoo · Python · Linux · Computer Science · CSS,https://wuzzuf.net/jobs/p/RvRhP3lAzVl5-Senior-Odoo-developer-Giza-Egypt,20 days
Principal Backend Engineer,Alpheya,"Dubai, United Arab Emirates ",Full TimeNot specified · Customer Service/Support · IT/Software Development · Engineering - Telecom/Technology · Information Technology (IT) · Computer Science · Software Engineering · Software Development · Engineering · SQL · Backend,https://wuzzuf.net/jobs/p/kusadLsPetT8-Principal-Backend-Engineer-Alpheya-Dubai-United-Arab-Emirates,20 days
Applied Scientist,Microsoft,"Cairo, Egypt ",Full TimeNot specified · IT/Software Development · Analyst/Research · Engineering - Telecom/Technology · computer science · python · information technology (it) · machine learning · content,https://wuzzuf.net/jobs/p/znVFe6x7WL9I-Applied-Scientist-Microsoft-Cairo-Egypt,20 days
IT Senior Data Engineer,Gulf International Bank - Other locations,"Khobar, Saudi Arabia ",Full TimeExperienced · Installation/Maintenance/Repair · IT/Software Development · Engineering - Telecom/Technology · Information Technology (IT) · Computer Science · Engineering · Computer Engineering · Software Engineering · Software Development · CCNA,https://wuzzuf.net/jobs/p/vILiCDLCoK7z-IT-Senior-Data-Engineer-Gulf-International-Bank---Other-locations-Khobar-Saudi-Arabia,21 days
AI Engineer,Ewa,"Cairo, Egypt ",Full TimeSenior Management · 5 - 10 Yrs of Exp · IT/Software Development · Engineering - Telecom/Technology · AI · Engineering · Computer Science · Machine Learning · Python · TensorFlow · Java,https://wuzzuf.net/jobs/p/IUYiEB8jWm8w-AI-Engineer-Ewa-Cairo-Egypt,20 days
Data Classification Engineer - Titus,Help AG,"Riyadh, Saudi Arabia ",Full TimeNot specified · IT/Software Development · Analyst/Research · Engineering - Telecom/Technology · Information Technology (IT) · Computer Science · Engineering · Computer Engineering · SQL · Python · Software Development,https://wuzzuf.net/jobs/p/xX0S3ncuxW1J-Data-Classification-Engineer---Titus-Help-AG-Riyadh-Saudi-Arabia,20 days
Senior Devops Engineer,Octane solutions,"Cairo, Egypt ",Full TimeExperienced · 5 - 7 Yrs of Exp · Installation/Maintenance/Repair · IT/Software Development · Engineering - Telecom/Technology · Automation · AWS · Cloud · Computer Science · Docker · Engineering · Information Technology (IT),https://wuzzuf.net/jobs/p/NjGAm8qVHXwK-Senior-Devops-Engineer-Octane-solutions-Cairo-Egypt,21 days
Machine Learning Engineer,Block Gemini,"Cairo, Egypt ","Full TimeExperienced · 5 - 12 Yrs of Exp · IT/Software Development · AI · Machine Learning · NLP · Natural Language Processing (NLP) · Python · TensorFlow · ""R""",https://wuzzuf.net/jobs/p/dFX9BgcnLm4C-Machine-Learning-Engineer-Block-Gemini-Cairo-Egypt,22 days
HR Data Analyst,Q-Express Documents Transport - G25,"Dubai, United Arab Emirates ",Full TimeNot specified · IT/Software Development · Analyst/Research · Engineering - Telecom/Technology · Data Analysis · Analysis · Computer Science · Information Technology (IT) · Microsoft Office · SQL · Microsoft Excel,https://wuzzuf.net/jobs/p/1YH9Nxb4n9oU-HR-Data-Analyst-Q-Express-Documents-Transport---G25-Dubai-United-Arab-Emirates,25 days
"Learning & Development Coordinator Human Resources · JA The Resort, Dubai",JA Resorts & Hotels,"Dubai, United Arab Emirates ",Full TimeNot specified · IT/Software Development · Engineering - Telecom/Technology · Education/Teaching · Education · Learning · Training · Information Technology (IT) · Computer Science · Teaching · E-Learning,https://wuzzuf.net/jobs/p/0IW3c6tOvc7x-Learning-Development-Coordinator-Human-Resources-·-JA-The-Resort-Dubai-JA-Resorts-Hotels-Dubai-United-Arab-Emirates,25 days
Data Analyst,AECOM,"Riyadh, Saudi Arabia ",Full TimeNot specified · IT/Software Development · Analyst/Research · Engineering - Telecom/Technology · Data Analysis · Analysis · Computer Science · Information Technology (IT) · SQL · Microsoft Office · Microsoft Excel,https://wuzzuf.net/jobs/p/In9BFIMdoJwh-Data-Analyst-AECOM-Riyadh-Saudi-Arabia,25 days
Learning & Development Tower Lead | MAF Global Solutions,MAJID AL FUTTAIM,"Cairo, Egypt ",Full TimeNot specified · IT/Software Development · Engineering - Telecom/Technology · Education/Teaching · Education · Learning · Training · Information Technology (IT) · Computer Science · Teaching · E-Learning,https://wuzzuf.net/jobs/p/NpQnVWmZiIK0-Learning-Development-Tower-Lead-MAF-Global-Solutions-MAJID-AL-FUTTAIM-Cairo-Egypt,25 days
Data Engineer,AECOM,"Riyadh, Saudi Arabia ",Full TimeNot specified · IT/Software Development · Analyst/Research · Engineering - Telecom/Technology · Information Technology (IT) · Computer Science · Computer Engineering · Engineering · Software Engineering · Software Development · SQL,https://wuzzuf.net/jobs/p/yI9VhuLTZqQ7-Data-Engineer-AECOM-Riyadh-Saudi-Arabia,26 days
Principal Applied Science Manager,Microsoft,"Cairo, Egypt ",Full TimeNot specified · IT/Software Development · Quality · Engineering - Telecom/Technology · computer science · information technology (it) · engineering · software development · python · science · cloud,https://wuzzuf.net/jobs/p/t5xezJNQr9Bc-Principal-Applied-Science-Manager-Microsoft-Cairo-Egypt,26 days
WebLogic Administrator,VAM Systems,"Dubai, United Arab Emirates ",Full TimeNot specified · Installation/Maintenance/Repair · IT/Software Development · Engineering - Telecom/Technology · Information Technology (IT) · Computer Science · WebLogic · Linux · Oracle · Software Engineering · Engineering,https://wuzzuf.net/jobs/p/Q7pDPWtv9qhd-WebLogic-Administrator-VAM-Systems-Dubai-United-Arab-Emirates,26 days
ML & Data Analytics Senior Specialist,Vodafone - Egypt,"Cairo, Egypt ",Full TimeNot specified · IT/Software Development · Analyst/Research · Engineering - Telecom/Technology · Computer Science · Information Technology (IT) · Python · Software · Software Engineering · Computer Engineering · Software Development,https://wuzzuf.net/jobs/p/mWJtYYF0H69H-ML-Data-Analytics-Senior-Specialist-Vodafone---Egypt-Cairo-Egypt,27 days
GIS & Data Management Technician,WorleyParsons,"Kuwait City, Kuwait ",Full TimeNot specified · Engineering - Construction/Civil/Architecture · IT/Software Development · Engineering - Telecom/Technology · GIS · Information Technology (IT) · Computer Science · Software Development · Engineering · javaScript · Software Engineering,https://wuzzuf.net/jobs/p/wfjzOY5iJHdl-GIS-Data-Management-Technician-WorleyParsons-Kuwait-City-Kuwait,28 days
Business Intelligence Lead,Abdullah Abdulghani & Bros.Co. (AAB),"Doha, Qatar ",Full TimeNot specified · IT/Software Development · Analyst/Research · Engineering - Telecom/Technology · Computer Science · Information Technology (IT) · Business Intelligence · SQL · BI · Engineering · ETL,https://wuzzuf.net/jobs/p/c3Ka0J4lgky1-Business-Intelligence-Lead-Abdullah-Abdulghani-Bros-Co-AAB-Doha-Qatar,28 days
Unix Administrator,Sscegypt,"Cairo, Egypt ",Full TimeNot specified · Installation/Maintenance/Repair · IT/Software Development · Engineering - Telecom/Technology · Information Technology (IT) · UNIX · Computer Science · Linux · System Administration · Engineering · Maintenance,https://wuzzuf.net/jobs/p/z5MDfbLaYBws-Unix-Administrator-Sscegypt-Cairo-Egypt,29 days
Unix Administrator,SSC,"Cairo, Egypt ",Full TimeNot specified · Installation/Maintenance/Repair · IT/Software Development · Engineering - Telecom/Technology · Information Technology (IT) · UNIX · Computer Science · Linux · System Administration · Engineering · Maintenance,https://wuzzuf.net/jobs/p/wZpRF77nRDzw-Unix-Administrator-SSC-Cairo-Egypt,30 days
Coding Instructor - Project Based -2 Months,iSchool Limited,"Cairo, Egypt ",Full TimeWork From HomeNot specified · IT/Software Development · Engineering - Telecom/Technology · Training/Instructor · computer science · information technology (it) · computer engineering · python · education · teaching · instructor,https://wuzzuf.net/jobs/p/P549HQAcDWtK-Coding-Instructor---Project-Based--2-Months-iSchool-Limited-Cairo-Egypt,1 month
Senior Odoo Developer,Plennix Technologies,"Cairo, Egypt ",Full TimeWork From HomeExperienced · 3 - 6 Yrs of Exp · IT/Software Development · Engineering - Telecom/Technology · Computer Science · Engineering · Development · Information Technology (IT) · JavaScript · Odoo · Python · Software Development,https://wuzzuf.net/jobs/p/2zMkfRgBjlQC-Senior-Odoo-Developer-Plennix-Technologies-Cairo-Egypt,1 month
Application developer-web scraper,Premiumy,"Cairo, Egypt ",Full TimeWork From HomeExperienced · 3 - 15 Yrs of Exp · IT/Software Development · Engineering - Telecom/Technology · Java · Python,https://wuzzuf.net/jobs/p/L8NJ7cbaIvP9-Application-developer-web-scraper-Premiumy-Cairo-Egypt,1 month
Application developer/ web scraper,Premiumy,"Cairo, Egypt ",Part TimeFreelance / ProjectWork From HomeExperienced · 2 - 20 Yrs of Exp · IT/Software Development · #appdeveloper #webscraper #proxycreation #parttimejobs #freelancer #telecomjobs · Python · Programming · Software Development · Web · Java · Information Technology (IT) · Web Development,https://wuzzuf.net/jobs/p/MpZABoj9zuM4-Application-developer-web-scraper-Premiumy-Cairo-Egypt,1 month
Junior Data Scientist,Cultiv,"Cairo, Egypt ",Full TimeExperienced · 1 - 5 Yrs of Exp · IT/Software Development · Analyst/Research · Engineering - Telecom/Technology · Computer Science · Algorithms · Database · Mathematics · Python · Statistics · NLP,https://wuzzuf.net/jobs/p/zqp8h57Qt0vc-Junior-Data-Scientist-Cultiv-Cairo-Egypt,1 month
Odoo Developer & Business Analyst Consultant,Royal Herbs,"Haram, Giza, Egypt ",Full TimeExperienced · 3 - 7 Yrs of Exp · Installation/Maintenance/Repair · IT/Software Development · Engineering - Telecom/Technology · Information Technology (IT) · Computer Science · Database · Engineering · Odoo · Python · Software,https://wuzzuf.net/jobs/p/P0nWtE8S6a4u-Odoo-Developer-Business-Analyst-Consultant-Royal-Herbs-Giza-Egypt,1 month
Senior AI Engineer (Computer Vision Focus),Lumin,"Sheikh Zayed, Giza, Egypt ",Full TimeExperienced · 2 - 5 Yrs of Exp · IT/Software Development · AI · Artificial Intelligence · Computer Vision · Machine Learning · TensorFlow · Python · Computer Science · Programming · PyTorch,https://wuzzuf.net/jobs/p/Bz1GQHFDxHEj-Senior-AI-Engineer-Computer-Vision-Focus-Lumin-Giza-Egypt,1 month
Telecommunication Support Engineer Senior Supervisor,Xceed Contact Center,"Giza, Egypt ",Full TimeManager · 6 - 6 Yrs of Exp · Engineering - Construction/Civil/Architecture · Java · Computer Science · SQL · Python,https://wuzzuf.net/jobs/p/78Yi6IJgnp1A-Telecommunication-Support-Engineer-Senior-Supervisor-Xceed-Contact-Center-Giza-Egypt,1 month
Senior Presales Engineer,Progress Security Systems,"Mohandessin, Giza, Egypt ",Full TimeExperienced · 5 - 7 Yrs of Exp · IT/Software Development · Engineering - Telecom/Technology · Engineering - Mechanical/Electrical · Computer Science · Engineering · Information Technology (IT) · Java · Linux · MongoDB · MySQL,https://wuzzuf.net/jobs/p/mLksB2kvUz9i-Senior-Presales-Engineer-Progress-Security-Systems-Giza-Egypt,1 month
Data Analyst,Kashier Payment Solutions,"Zamalek, Cairo, Egypt ",Full TimeEntry Level · 1 - 3 Yrs of Exp · IT/Software Development · Analyst/Research · Engineering - Telecom/Technology · Analysis · business · Computer Science · Data · Data Analysis · Database · ETL,https://wuzzuf.net/jobs/p/PLaodb5PEatX-Data-Analyst-Kashier-Payment-Solutions-Cairo-Egypt,1 month
Computer Science programmer,Mansoura Glass Co.,"10th of Ramadan City, Sharqia, Egypt ",Full TimeEntry Level · 1 - 5 Yrs of Exp · IT/Software Development · Programming · JavaScript · Python · Software · Software Development · CSS · HTML · Computer Science · Development,https://wuzzuf.net/jobs/p/PvDpXAlrh5kW-Computer-Science-programmer-Mansoura-Glass-Co-Sharqia-Egypt,1 month
Machine Learning Researcher,RDI,"Dokki, Giza, Egypt ",Full TimeEntry Level · 0 - 3 Yrs of Exp · R&D/Science · IT/Software Development · Engineering - Telecom/Technology · Machine Learning · Deep Learning · Python · TensorFlow · Computer Engineering · Computer Science · Flask,https://wuzzuf.net/jobs/p/GeNMHwjBsatD-Machine-Learning-Researcher-RDI-Giza-Egypt,1 month
Backend Developer,Nahdet Misr Publishing Group,"Mohandessin, Giza, Egypt ",Full TimeEntry Level · 1 - 2 Yrs of Exp · IT/Software Development · Engineering - Telecom/Technology · Engineering - Other · backend · API · Computer Science · Information Technology (IT) · Java · Programming · Python,https://wuzzuf.net/jobs/p/E6l1RDsUCTia-Backend-Developer-Nahdet-Misr-Publishing-Group-Giza-Egypt,2 months
Robotics / Computer Science Instructor for kids,Edu-Zone,"Cairo, Egypt ",Full TimePart TimeEntry Level · 1 - 3 Yrs of Exp · IT/Software Development · Engineering - Telecom/Technology · Education/Teaching · Software Development · Software Engineering · Java Software Development · Android Software · Computer Science · Computer Engineering · Computer Systems,https://wuzzuf.net/jobs/p/ioM1OqZigQHZ-Robotics-Computer-Science-Instructor-for-kids-Edu-Zone-Cairo-Egypt,2 months
Senior Odoo Developer,Confidential,"New Nozha, Cairo, Egypt ",Full TimeWork From HomeExperienced · 7 - 10 Yrs of Exp · Installation/Maintenance/Repair · IT/Software Development · Engineering - Telecom/Technology · Odoo · Information Technology (IT) · ERP · Odoo ERP · Accounting · Computer Science · Odoo Development,https://wuzzuf.net/jobs/p/qA6KvPsH4dCG-Senior-Odoo-Developer-Cairo-Egypt,2 months
Senior Odoo Developer,OdooTec,"New Cairo, Cairo, Egypt ",Full TimeExperienced · 3+ Yrs of Exp · IT/Software Development · Python · Information Technology (IT) · Software Development · HTML · ERP · Odoo,https://wuzzuf.net/jobs/p/vKds5nEC2AJd-Senior-Odoo-Developer-OdooTec-Cairo-Egypt,2 months
Senior ARC GIS Developer,qTech.,"Mansoura, Dakahlia, Egypt ",Full TimeExperienced · 3+ Yrs of Exp · IT/Software Development · Engineering - Telecom/Technology · Information Technology (IT) · Web Development · GIS · Software Development · System Analysis · Web Design · Software Engineering · Computer Science,https://wuzzuf.net/jobs/p/YbPFV2f3zBD7-Senior-ARC-GIS-Developer-qTech-Dakahlia-Egypt,2 months
Data Science Instructor,EpsilonAI,"Nasr City, Cairo, Egypt ",Full TimePart TimeExperienced · 1+ Yrs of Exp · IT/Software Development · Engineering - Telecom/Technology · Training/Instructor · Data Science · Computer Science · Computer Engineering · Python · Machine Learning · Deep Learning · Artificial Intelligence (AI),https://wuzzuf.net/jobs/p/14BEtt96p9wi-Data-Science-Instructor-EpsilonAI-Cairo-Egypt,2 months
Data Scientist - Section Head,IDH,"6th of October, Giza, Egypt ",Full TimeExperienced · 5 - 8 Yrs of Exp · Business Development · Data Science · data scientist · Computer Science · Python · SQL,https://wuzzuf.net/jobs/p/A5JJWFl1OsZi-Data-Scientist---Section-Head-IDH-Giza-Egypt,2 months
Data Engineer,Cilantro,"Maadi, Cairo, Egypt ",Full TimeEntry Level · 1 - 3 Yrs of Exp · IT/Software Development · Engineering - Telecom/Technology · Computer Engineering · BI · Computer Science · Engineering · Information Technology (IT) · Python · SQL · OOP,https://wuzzuf.net/jobs/p/UBzYQr5WevHy-Data-Engineer-Cilantro-Cairo-Egypt,2 months
System Administrator,Xyris Digital Solutions,"Cairo, Egypt ",Full TimeEntry Level · 1+ Yrs of Exp · Installation/Maintenance/Repair · IT/Software Development · Engineering - Telecom/Technology · Computer Science · Information Technology (IT) · network · Networks · System Administration · System administrator · Engineering,https://wuzzuf.net/jobs/p/LxJwYiovYwLB-System-Administrator-Xyris-Digital-Solutions-Cairo-Egypt,2 months
Mid-level AI Engineer,Noases,"Nasr City, Cairo, Egypt ",Full TimeExperienced · 1 - 5 Yrs of Exp · IT/Software Development · Software Engineering · Information Technology (IT) · Computer Science · Computer Engineering · Programming · Python · NLP · Machine Learning,https://wuzzuf.net/jobs/p/r4Ou1v34QWq3-Mid-level-AI-Engineer-Noases-Cairo-Egypt,2 months
Devops Engineer,DAF Holding,"Maadi, Cairo, Egypt ",Full TimePart TimeExperienced · 2 - 4 Yrs of Exp · IT/Software Development · AWS · CI/CD · DevOps · Information Technology (IT) · Engineering · Python · Linux · Software Development · Kubernetes,https://wuzzuf.net/jobs/p/3FgyvYCttxeH-Devops-Engineer-DAF-Holding-Cairo-Egypt,2 months
Azure DevOps Engineer,National Technology,"Nasr City, Cairo, Egypt ",Full TimeExperienced · 1 - 3 Yrs of Exp · Installation/Maintenance/Repair · IT/Software Development · Engineering - Telecom/Technology · Agile · Computer Engineering · Computer Science · DevOps · Engineering · Docker · Information Technology (IT),https://wuzzuf.net/jobs/p/6oNC05mU87rZ-Azure-DevOps-Engineer-National-Technology-Cairo-Egypt,2 months
Sr. Devops Engineer,waffarha.com,"Downtown, Cairo, Egypt ",Full TimeExperienced · 3 - 5 Yrs of Exp · males_only · IT/Software Development · Engineering - Telecom/Technology · Engineering · DevOps · AWS · Software Development · Linux · Information Technology (IT) · Python · MySQL,https://wuzzuf.net/jobs/p/K0dmaVANNw46-Sr-Devops-Engineer-waffarha-com-Cairo-Egypt,2 months
Data Scientist | ML Engineer,Giza Systems,"New Cairo, Cairo, Egypt ",Full TimeExperienced · 5 - 12 Yrs of Exp · IT/Software Development · Computer Science · Data Science · data scientist · Information Technology (IT) · ML · Python · Data · Spark · SQL,https://wuzzuf.net/jobs/p/SPj0gEhYvHoh-Data-Scientist-ML-Engineer-Giza-Systems-Cairo-Egypt,2 months
Senior Site Reliability Engineer,Evolvice GmbH,"Cairo, Egypt ",Full TimeExperienced · 5 - 8 Yrs of Exp · IT/Software Development · Python · Architecture · Vmware,https://wuzzuf.net/jobs/p/tDBARAyxP4Jj-Senior-Site-Reliability-Engineer-Evolvice-GmbH-Cairo-Egypt,2 months
"Robotic Process Automation Analyst ""RPA Analyst""",Cilantro,"Maadi, Cairo, Egypt ",Full TimeEntry Level · 1 - 3 Yrs of Exp · IT/Software Development · Engineering - Telecom/Technology · Engineering - Mechanical/Electrical · Automation · Computer Engineering · Computer Science · Engineering · Information Technology (IT) · Python · RPA,https://wuzzuf.net/jobs/p/9OumzgSaDTBt-Robotic-Process-Automation-Analyst-RPA-Analyst-Cilantro-Cairo-Egypt,2 months
Backend Developer,Confidential,"Cairo, Egypt ",Full TimeExperienced · 3 - 5 Yrs of Exp · males_only · IT/Software Development · Code · Python · Software Development · NoSQL · Programming · Databases,https://wuzzuf.net/jobs/p/xJn3kfZP8PAZ-Backend-Developer-Cairo-Egypt,2 months
Odoo Senior Developer,Ibn Sina Pharma,"Maadi, Cairo, Egypt ",Full TimeExperienced · 3 - 5 Yrs of Exp · IT/Software Development · Odoo · Java · jQuery,https://wuzzuf.net/jobs/p/aMZhUVfbvG2m-Odoo-Senior-Developer-Ibn-Sina-Pharma-Cairo-Egypt,26 days
Application Support Engineer,NewTech Company,"Garden City, Cairo, Egypt ",Full TimeExperienced · 5 - 10 Yrs of Exp · IT/Software Development · Information Technology (IT) · Engineering · ERP · Infrastructure,https://wuzzuf.net/jobs/p/3ch214lY4ped-Application-Support-Engineer-NewTech-Company-Cairo-Egypt,2 months
"Full time Senior ASP Net Core, Blazor Full Stack Developer",Sinmar Soft,"New Nozha, Cairo, Egypt ",Full TimeOn-siteExperienced · 3 - 10 Yrs of Exp · IT/Software Development · Project/Program Management · Engineering - Telecom/Technology · blazor · MVC · ASP.NET Core · c#.net · ASP.net MVC 5,https://wuzzuf.net/jobs/p/DCiTDmBffBUp-Full-time-Senior-ASP-Net-Core-Blazor-Full-Stack-Developer-Sinmar-Soft-Cairo-Egypt,1 day
Software Quality Assurance Engineer,ATW Ltd.,"Dokki, Giza, Egypt ",Full TimeOn-siteExperienced · 1 - 3 Yrs of Exp · IT/Software Development · Quality · Quality Assurance · Computer Science · QA · Selenium · Quality Control,https://wuzzuf.net/jobs/p/IUBOOmcSBQLS-Software-Quality-Assurance-Engineer-ATW-Ltd-Giza-Egypt,7 days
Odoo Consultant/ implementor,etmana,"Katameya, Cairo, Egypt ",Full TimeOn-siteExperienced · 3 - 5 Yrs of Exp · IT/Software Development · Odoo · Odoo Framework · Information Technology (IT) · E-Commerce · Computer Science,https://wuzzuf.net/jobs/p/movXd23zy5BY-Odoo-Consultant-implementor-etmana-Cairo-Egypt,2 months
Odoo Developer,GMC,"Maadi, Cairo, Egypt ",Full TimeEntry Level · 2 - 4 Yrs of Exp · IT/Software Development · Engineering - Telecom/Technology · Computer Science · Development · Design · Information Technology (IT) · Odoo Development · Software Development · Odoo · Linux,https://wuzzuf.net/jobs/p/ozKXAlmpCDCG-Odoo-Developer-GMC-Cairo-Egypt,1 month
Software Engineer - Germany/Austria/Europe with Full Visa Sponsorship,Your Career Abroad,"Cairo, Egypt ",Full TimeExperienced · 1 - 15 Yrs of Exp · IT/Software Development · Engineering - Telecom/Technology · C++ · English · Java · Programming · Software Engineering · Computer Science · Software Development · .Net,https://wuzzuf.net/jobs/p/sVvU3XfNgwye-Software-Engineer---GermanyAustriaEurope-with-Full-Visa-Sponsorship-Your-Career-Abroad-Cairo-Egypt,22 days
Senior Full Stack Developer,Nahdet Misr Publishing Group,"Mohandessin, Giza, Egypt ",Full TimeExperienced · 7+ Yrs of Exp · IT/Software Development · Engineering - Telecom/Technology · Full-Stack · Back-End · Front-End · Computer Science · Information Technology (IT) · Web Development · Software Development · Computer Engineering,https://wuzzuf.net/jobs/p/Wt9wSK7yRTNV-Senior-Full-Stack-Developer-Nahdet-Misr-Publishing-Group-Giza-Egypt,12 days
Web & Mobile Applications Developer - Frontend/Backend (project ),Confidential,"10th of Ramadan City, Cairo, Egypt ",Freelance / ProjectHybridExperienced · 15+ Yrs of Exp · IT/Software Development · HTML · Java · PHP · Software Development,https://wuzzuf.net/jobs/p/nhPxGtoh9TLM-Web-Mobile-Applications-Developer---FrontendBackend-project-Cairo-Egypt,1 day
.NET Full Stack Developer,PING,"Maadi, Cairo, Egypt ",Full TimeExperienced · 3 - 15 Yrs of Exp · IT/Software Development · Computer Science · Angular · HTML · Full Stack · Information Technology (IT),https://wuzzuf.net/jobs/p/tusn16pbqtKg-NET-Full-Stack-Developer-PING-Cairo-Egypt,16 days
Senior Application Specialist,ManpowerGroup Middle East,"Dubai, United Arab Emirates ",Full TimeNot specified · IT/Software Development · Marketing/PR/Advertising · Media/Journalism/Publishing · Marketing · Social Media · Information Technology (IT) · Human Resources (HR) · Computer Science · E-marketing · Microsoft Office,https://wuzzuf.net/jobs/p/hpK3oplnMVvJ-Senior-Application-Specialist-ManpowerGroup-Middle-East-Dubai-United-Arab-Emirates,1 day
Branch Manager (Software house),Confidential,"Heliopolis, Cairo, Egypt ",Full TimeSenior Management · 10+ Yrs of Exp · IT/Software Development · Branch Management · Project Management · JavaScript · Operations Management,https://wuzzuf.net/jobs/p/la7m7gAZsytG-Branch-Manager-Software-house-Cairo-Egypt,22 days
System Administrator,Confidential,"Basatin, Cairo, Egypt ",Full TimeExperienced · 3 - 5 Yrs of Exp · Installation/Maintenance/Repair · IT/Software Development · Engineering - Telecom/Technology · Information Technology (IT) · Telecom Engineering · Engineering · Computer Hardware · Software Engineering · Domain Controller · DHCP,https://wuzzuf.net/jobs/p/1tIG5JubDmbq-System-Administrator-Cairo-Egypt,29 days
Senior Presales Engineer - Card printing & light current.,Lumin,"Sheikh Zayed, Giza, Egypt ",Full TimeExperienced · 4 - 7 Yrs of Exp · Sales/Retail · Engineering - Telecom/Technology · Engineering - Mechanical/Electrical · Engineering · Light Current · Electrical Engineering · English · Communication · Infrastructure · Network,https://wuzzuf.net/jobs/p/sREdf1HpEODO-Senior-Presales-Engineer---Card-printing-light-current-Lumin-Giza-Egypt,14 days
Junior Data Analyst,Prometeon Tyres Group – Egypt  (Ex-Pirelli Tyres Egypt),"Alexandria, Egypt ",Full TimeEntry Level · 0 - 1 Yrs of Exp · IT/Software Development · Analysis · analytical · Computer Science · Data Analysis · Information Technology (IT),https://wuzzuf.net/jobs/p/yVfxNcTzpXH0-Junior-Data-Analyst-Prometeon-Tyres-Group-–-Egypt-Ex-Pirelli-Tyres-Egypt-Alexandria-Egypt,28 days
Mechanical Design Engineer,Egyptian for steel products Industries ESPI,"Abu Rawash, Giza, Egypt ",Full TimeExperienced · 2 - 4 Yrs of Exp · Manufacturing/Production · Engineering - Mechanical/Electrical · Design · SolidWorks · 2D · 3D · Mechanical Engineering · Manufacturing · Mechanical,https://wuzzuf.net/jobs/p/a9EBY6cTcZZI-Mechanical-Design-Engineer-Egyptian-for-steel-products-Industries-ESPI-Giza-Egypt,9 days
Senior Full Stack Developer,Traveler Club,"Cairo, Egypt ",Full TimeWork From HomeExperienced · 5 - 8 Yrs of Exp · IT/Software Development · Tourism/Travel · Engineering - Telecom/Technology · CSS · Full Stack · HTML · Information Technology (IT),https://wuzzuf.net/jobs/p/gW5hbfCbhdOU-Senior-Full-Stack-Developer-Traveler-Club-Cairo-Egypt,29 days
Senior Data/BI Engineer,Evolvice GmbH,"Maadi, Cairo, Egypt ",Full TimeExperienced · 4 - 6 Yrs of Exp · IT/Software Development · Analyst/Research · Engineering - Telecom/Technology · BI · Big Data · Business Intelligence · Information Technology (IT) · Software Engineering,https://wuzzuf.net/jobs/p/yAN7LA1Jj2Le-Senior-DataBI-Engineer-Evolvice-GmbH-Cairo-Egypt,14 days
Senior Backend Developer Magento,Seoudi Supermarket,"Sheikh Zayed, Giza, Egypt ",Full TimeExperienced · 2 - 4 Yrs of Exp · IT/Software Development · Engineering - Telecom/Technology · back-end · Computer Science · Engineering · Information Technology (IT) · JavaScript · Laravel · MySQL · PHP,https://wuzzuf.net/jobs/p/KY44e2SS3mLc-Senior-Backend-Developer-Magento-Seoudi-Supermarket-Giza-Egypt,15 days
IT Technical Support Specialist (Work Will Be Allocated In Africa) 24001,Confidential,"Cairo, Egypt ",Full TimeExperienced · 5 - 15 Yrs of Exp · Installation/Maintenance/Repair · IT/Software Development · Engineering - Telecom/Technology · Information Technology (IT) · Computer Hardware · Installation · Networks · Hardware · LAN · WAN,https://wuzzuf.net/jobs/p/0eAOW0Vz3WJY-IT-Technical-Support-Specialist-Work-Will-Be-Allocated-In-Africa-24001-Cairo-Egypt,1 month
General Accountant,Perfect tech,"Nasr City, Cairo, Egypt ",Full TimeSenior Management · 2 - 3 Yrs of Exp · Accounting/Finance · Accounting · Finance · Financial Analysis,https://wuzzuf.net/jobs/p/jTZbr5McqcYy-General-Accountant-Perfect-tech-Cairo-Egypt,1 month
DevOps Engineer,Bexel,"Nasr City, Cairo, Egypt ",Full TimeHybridEntry Level · 2+ Yrs of Exp · IT/Software Development · Engineering - Telecom/Technology · Engineering - Other · DevOps · AWS · Engineering · Information Technology (IT) · Software Development · Computer Science · MySQL,https://wuzzuf.net/jobs/p/gy7ABz8wl1Vz-DevOps-Engineer-Bexel-Cairo-Egypt,8 days
Junior Localization Engineer,BayanTech,"Cairo, Egypt ",Full TimeNot specified · IT/Software Development · Engineering - Telecom/Technology · Engineering - Mechanical/Electrical · Engineering · Information Technology (IT) · Computer Science · AutoCAD · Electrical Engineering · Mechanical Engineering · Microsoft Office,https://wuzzuf.net/jobs/p/eKnAzidM6dm9-Junior-Localization-Engineer-BayanTech-Cairo-Egypt,25 days
Senior Cloud Infrastructure Architect/Engineer,CSP Automation Inc,"Cairo, Egypt ",Full TimeExperienced · 17 - 20 Yrs of Exp · Engineering - Telecom/Technology · Architect · Computer Science · Information Technology (IT) · Engineering · Infrastructure · Cloud · AWS · Cloud Infrastructure · Software Engineering,https://wuzzuf.net/jobs/p/gsoLWOhf7KpV-Senior-Cloud-Infrastructure-ArchitectEngineer-CSP-Automation-Inc-Cairo-Egypt,1 month
Senior Software Testing Engineer,Aman,"6th of October, Giza, Egypt ",Full TimeExperienced · 2 - 4 Yrs of Exp · IT/Software Development · Quality · Engineering - Telecom/Technology · Information Technology (IT) · Quality Assurance · Software Development · Computer Science · Software Engineering · Software · Testing,https://wuzzuf.net/jobs/p/oEyGRPSA9B0a-Senior-Software-Testing-Engineer-Aman-Giza-Egypt,2 months
Senior Full Stack Developer,Linutech Solutions,"Santa Ana, United States ",Full TimeWork From HomeExperienced · 8 - 12 Yrs of Exp · IT/Software Development · Laravel Framework · Laravel PHP · AWS Cloud · HTML · Full Stack · MySQL · Secuity architecture · Information Technology (IT) · PHP,https://wuzzuf.net/jobs/p/eXNT8plUJ7bc-Senior-Full-Stack-Developer-Linutech-Solutions-Santa-Ana-United-States,26 days
Full Stack Engineer,Greenalytics,"6th of October, Giza, Egypt ",Full TimeWork From HomeExperienced · 2+ Yrs of Exp · R&D/Science · IT/Software Development · Engineering - Telecom/Technology · Computer Science · Software Engineering · Software Development · Full Stack,https://wuzzuf.net/jobs/p/3TbXoAWdOxhy-Full-Stack-Engineer-Greenalytics-Giza-Egypt,28 days
Full Stack PHP Developer,Confidential,"Nasr City, Cairo, Egypt ",Full TimeOn-siteExperienced · 5 - 7 Yrs of Exp · IT/Software Development · Full Stack · PHP · MySQL · JavaScript · HTML · CSS · Angular · React · Software Development,https://wuzzuf.net/jobs/p/nC6wMLJ7151s-Full-Stack-PHP-Developer-Cairo-Egypt,6 days
Full Stack Developer (PHP/Laravel+ JavaScript),jmskef,"Banha, Qalubia, Egypt ",Full TimeExperienced · 3 - 4 Yrs of Exp · IT/Software Development · Engineering - Telecom/Technology · Engineering - Other · Laravel · Laravel 5 · Laravel PHP · Full Stack · Information Technology (IT) · JavaScript · MySQL,https://wuzzuf.net/jobs/p/UvTt9qzl62WI-Full-Stack-Developer-PHPLaravel-JavaScript-jmskef-Qalubia-Egypt,10 days
Artificial Intelligence Team Leader,Wakeb Data,"Mohandessin, Giza, Egypt ",Full TimeExperienced · 4 - 6 Yrs of Exp · IT/Software Development · Artificial Intelligence (AI) · Data Analysis · Algorithms · Web Frameworks · Computer Science,https://wuzzuf.net/jobs/p/nc8LxxDcTlIz-Artificial-Intelligence-Team-Leader-Wakeb-Data-Giza-Egypt,2 months
Flutter Developer,2CooM,"6th of October, Giza, Egypt ",Full TimeEntry Level · 0 - 3 Yrs of Exp · Engineering - Telecom/Technology · Computer Science · flutter · Development · Android · iOS · JavaScript · Software Development,https://wuzzuf.net/jobs/p/6aisn6aDglTr-Flutter-Developer-2CooM-Giza-Egypt,1 month
Full Stack Web,Confidential,"Nasr City, Cairo, Egypt ",Full TimeExperienced · 3 - 4 Yrs of Exp · Creative/Design/Art · IT/Software Development · Engineering - Telecom/Technology · Computer Science · CSS · Full Stack · HTML · Software Development · Information Technology (IT) · Java,https://wuzzuf.net/jobs/p/NmnpJsq7HD2z-Full-Stack-Web-Cairo-Egypt,1 month
Automation Testing Lead / Banking,Ejada,"Cairo, Egypt ",Full TimeManager · IT/Software Development · Automation · Computer Science · Banking · Information Technology (IT) · test automation · Testing · ISTQB,https://wuzzuf.net/jobs/p/6bvsni1FRhDc-Automation-Testing-Lead-Banking-Ejada-Cairo-Egypt,29 days
Automation Test Engineer - Digital Banking,VAM Systems,"Abu Dhabi, United Arab Emirates ",Full TimeNot specified · IT/Software Development · Quality · Engineering - Telecom/Technology · Computer Science · Information Technology (IT) · Software Testing · Testing · Quality Control · Quality Assurance · Automation,https://wuzzuf.net/jobs/p/oH7lWhZnhgRU-Automation-Test-Engineer---Digital-Banking-VAM-Systems-Abu-Dhabi-United-Arab-Emirates,25 days
SOC engineer,Alexandria Business Association- SMEs Project,"Alexandria, Egypt ",Full TimeEntry Level · 0 - 1 Yrs of Exp · Installation/Maintenance/Repair · IT/Software Development · Engineering - Telecom/Technology · Computer Engineering · Network Security · Information Technology (IT) · Network · Security · Computer Science,https://wuzzuf.net/jobs/p/iYWeHst4UsOu-SOC-engineer-Alexandria-Business-Association--SMEs-Project-Alexandria-Egypt,2 months
Full Stack Developer,NTG Clarity,"Giza, Egypt ",Full TimeExperienced · 2 - 10 Yrs of Exp · IT/Software Development · Angular · Java,https://wuzzuf.net/jobs/p/JJIAASkzwEY1-Full-Stack-Developer-NTG-Clarity-Giza-Egypt,2 months
Back-End Developer,jmskef,"Banha, Qalubia, Egypt ",Full TimeWork From HomeExperienced · 3 - 4 Yrs of Exp · IT/Software Development · Engineering - Telecom/Technology · Full Stack Development · Laravel PHP · JavaScript · back-end · Information Technology (IT) · SQL · Database · Laravel,https://wuzzuf.net/jobs/p/jM1z0eMELgyZ-Back-End-Developer-jmskef-Qalubia-Egypt,1 month
Risk Manager,Tabby,"Riyadh, Saudi Arabia ",Full TimeHybridExperienced · 3+ Yrs of Exp · IT/Software Development · Accounting · Communication skills · Communication · Computer Science · Financial Analysis · Finance · Risk Management · SQL,https://wuzzuf.net/jobs/p/HDUEgGdhYuWT-Risk-Manager-Tabby-Riyadh-Saudi-Arabia,7 days
Full Stack Developer,Confidential,"6th of October, Giza, Egypt ",Full TimeExperienced · 2 - 5 Yrs of Exp · IT/Software Development · Full Stack · HTML · Information Technology (IT) · JavaScript · Java · MySQL · jQuery · Computer Science · Angular,https://wuzzuf.net/jobs/p/OPCc5CLdDGdI-Full-Stack-Developer-Giza-Egypt,2 months
Cross-Platform Full Stack Developer,Dakkaken,"Nasr City, Cairo, Egypt ",Full TimeExperienced · 4 - 7 Yrs of Exp · IT/Software Development · Full Stack · Cross-platform,https://wuzzuf.net/jobs/p/rNUCYnLqiEXu-Cross-Platform-Full-Stack-Developer-Dakkaken-Cairo-Egypt,2 months
Junior System Administrator,IDH,"6th of October, Giza, Egypt ",Full TimeEntry Level · 2 - 4 Yrs of Exp · IT/Software Development · Administration · Information Technology (IT),https://wuzzuf.net/jobs/p/bHmGNKohzs0W-Junior-System-Administrator-IDH-Giza-Egypt,2 months
RPA Developer/Analyst - 1-3 years,AutoMind Consulting Services,"Cairo, Egypt ",Full TimeEntry Level · 1 - 3 Yrs of Exp · IT/Software Development · RPA · Software Development · SQL · Business Analysis · Automation,https://wuzzuf.net/jobs/p/yoHgZkiTFyan-RPA-DeveloperAnalyst---1-3-years-AutoMind-Consulting-Services-Cairo-Egypt,11 days
Full Stack Developer,proleaders,"Alexandria, Egypt ",Full TimeExperienced · 5 - 10 Yrs of Exp · IT/Software Development · Full Stack · HTML · Computer Science · Java · MySQL · Software Development,https://wuzzuf.net/jobs/p/Ny3dZIq6fWVF-Full-Stack-Developer-proleaders-Alexandria-Egypt,2 months
Senior Backend Developer,Al-hakeema,"Nasr City, Cairo, Egypt ",Full TimeExperienced · 3 - 5 Yrs of Exp · males_only · IT/Software Development · backend · Computer Science · Laravel · MVC · Node.js · PHP · Software Development · Software Engineering · Information Technology (IT),https://wuzzuf.net/jobs/p/mkipbPgWwK7j-Senior-Backend-Developer-Al-hakeema-Cairo-Egypt,1 month
Senior Azure DevOps Engineer,Tristratus.ltd,"Cairo, Egypt ",Full TimeExperienced · 3 - 5 Yrs of Exp · IT/Software Development · Engineering - Telecom/Technology · Azure DevOps · Devops Engineer · senior · DevOps · Azure · Software Development · Information Technology (IT) · AWS,https://wuzzuf.net/jobs/p/R7HEtxjgPJ9M-Senior-Azure-DevOps-Engineer-Tristratus-ltd-Cairo-Egypt,20 days
Teamleader full stack,SATA Group,"Nasr City, Cairo, Egypt ",Full TimeManager · 3 - 7 Yrs of Exp · Creative/Design/Art · IT/Software Development · Engineering - Telecom/Technology · Debugging · Full Stack · Full Stack Developer · Information Technology (IT) · Software Development · JavaScript · developer,https://wuzzuf.net/jobs/p/mjSidp0yI0YC-Teamleader-full-stack-SATA-Group-Cairo-Egypt,9 days
Computer Science Instructor (For Kids),Edu-Zone,"New Cairo, Cairo, Egypt ",Full TimePart TimeEntry Level · 0 - 3 Yrs of Exp · females_preferred · IT/Software Development · Engineering - Telecom/Technology · Training/Instructor · Teaching · Education · STEAM · Computer Skills · Astronomy · Science · Physics,https://wuzzuf.net/jobs/p/MHEktKJBjy8o-Computer-Science-Instructor-For-Kids-Edu-Zone-Cairo-Egypt,1 month
Senior Information Technology Specialist,Athear,"New Cairo, Cairo, Egypt ",Full TimeExperienced · 3 - 5 Yrs of Exp · IT/Software Development · Engineering - Telecom/Technology · Computer Science · Information Technology (IT) · Software · Programming · Development · IT · English · Software Development,https://wuzzuf.net/jobs/p/wiDnJu5nNlWi-Senior-Information-Technology-Specialist-Athear-Cairo-Egypt,1 month
Full Stack Developer,DBS,"Maadi, Cairo, Egypt ",Full TimeOn-siteExperienced · 2 - 2 Yrs of Exp · Business Development · Computer Science · developer · Full Stack · Full Stack Developer · Information Technology (IT) · JavaScript · Software Development · Stack,https://wuzzuf.net/jobs/p/p1qpf2AZXzBu-Full-Stack-Developer-DBS-Cairo-Egypt,2 days
Senior Java Developer,NFQ Technologies,"Cairo, Egypt ",Full TimeNot specified · Business Development · IT/Software Development · Engineering - Telecom/Technology · Information Technology (IT) · Computer Science · Software Development · javaScript · Software Engineering · CSS · SQL,https://wuzzuf.net/jobs/p/K3H1DOadQLEG-Senior-Java-Developer-NFQ-Technologies-Cairo-Egypt,23 days
SW Senior DevOps Engineer,softprograms,"Nasr City, Cairo, Egypt ",Full TimeExperienced · 3 - 5 Yrs of Exp · IT/Software Development · Engineering - Telecom/Technology · Software Engineering · DevOps · Docker · Jenkins · Linux · Kubernetes · Terraform · Ansible,https://wuzzuf.net/jobs/p/KBrGwHicJY67-SW-Senior-DevOps-Engineer-softprograms-Cairo-Egypt,1 month
VMware Engineer - Level 3,Michael Page,"Dubai, United Arab Emirates ",Full TimeManager · Installation/Maintenance/Repair · IT/Software Development · Engineering - Telecom/Technology · Information Technology (IT) · Computer Science · VMWare · Engineering · Computer Engineering · CCNA · DNS,https://wuzzuf.net/jobs/p/g/UySVjzAq8wIx-VMware-Engineer---Level-3-Michael-Page-Dubai-United-Arab-Emirates,10 hours
Senior Software Automation Tester,Wakeb Data,"Mohandessin, Giza, Egypt ",Full TimeExperienced · 5 - 6 Yrs of Exp · IT/Software Development · Quality · Engineering - Telecom/Technology · Automation · Software Automation · Quality Control · Software Testing,https://wuzzuf.net/jobs/p/ChaezasOzrMh-Senior-Software-Automation-Tester-Wakeb-Data-Giza-Egypt,2 months
IT Developer,Cargoes,"Suez, Egypt ",Full TimeNot specified · IT/Software Development · Quality · Engineering - Telecom/Technology · Information Technology (IT) · Computer Science · Software Development · Software Engineering · javaScript · Engineering · Computer Engineering,https://wuzzuf.net/jobs/p/Xdc0dzuf40mz-IT-Developer-Cargoes-Suez-Egypt,7 days
Full Stack Web Developer,Seven,"Faisal, Giza, Egypt ",Full TimeOn-siteExperienced · 6+ Yrs of Exp · IT/Software Development · Engineering - Telecom/Technology · Full Stack · Angular · JavaScript · CSS · jQuery · MySQL · React · Software Development,https://wuzzuf.net/jobs/p/4ziTSAaikppv-Full-Stack-Web-Developer-Seven-Giza-Egypt,1 month
IOT Team Leader,Noases,"Nasr City, Cairo, Egypt ",Full TimeExperienced · 5 - 5 Yrs of Exp · IT/Software Development · Information Technology (IT) · Software · SQL · JSON · Communication · Software Development · Embedded System · IOT · Algorithms,https://wuzzuf.net/jobs/p/0c1X5V07DFwg-IOT-Team-Leader-Noases-Cairo-Egypt,1 month
IT Systems Administrator,Confidential,"Nasr City, Cairo, Egypt ",Full TimeOn-siteExperienced · 4 - 6 Yrs of Exp · Installation/Maintenance/Repair · IT/Software Development · Engineering - Telecom/Technology · Information Technology (IT) · Administration · Computer Engineering · Engineering · IP · network · Networking,https://wuzzuf.net/jobs/p/IVr7SAQxHkNl-IT-Systems-Administrator-Cairo-Egypt,2 days
AI BI Research Engineer,Ewa,"Cairo, Egypt ",Full TimeSenior Management · 5 - 7 Yrs of Exp · Engineering - Construction/Civil/Architecture · AI · Artificial Intelligence · Business Intelligence · BI,https://wuzzuf.net/jobs/p/5JasNijfPCfM-AI-BI-Research-Engineer-Ewa-Cairo-Egypt,2 months
Security Operations Manager - SOC,Cyber Gate Defense,"Abu Dhabi, United Arab Emirates ",Full TimeNot specified · Logistics/Supply Chain · Operations/Management · Sales/Retail · Operations · Management · Microsoft Office · Sales · Customer Service · Engineering · Administration,https://wuzzuf.net/jobs/p/IZFLnK1vp3Bd-Security-Operations-Manager---SOC-Cyber-Gate-Defense-Abu-Dhabi-United-Arab-Emirates,4 days
Full Stack Web Developer,IQRA Network,"Cairo, Egypt ",Full TimeWork From HomeExperienced · 3 - 5 Yrs of Exp · Creative/Design/Art · IT/Software Development · Engineering - Telecom/Technology · Computer Science · Full Stack · HTML · Information Technology (IT) · Java · JavaScript · jQuery,https://wuzzuf.net/jobs/p/U1uaBFjiNlRl-Full-Stack-Web-Developer-IQRA-Network-Cairo-Egypt,1 month
Senior Backend/Data Engineer,Skilkit,"Dubai, United Arab Emirates ",Full TimeWork From HomeExperienced · 4 - 10 Yrs of Exp · Human Resources · IT/Software Development · Training/Instructor · backend · AWS · Computer Science · Engineering · Information Technology (IT) · JavaScript · Laravel,https://wuzzuf.net/jobs/p/4gqpTuSLhfWh-Senior-BackendData-Engineer-Skilkit-Dubai-United-Arab-Emirates,28 days
Senior Cloud Engineer,ManpowerGroup Middle East,"Abu Dhabi, United Arab Emirates ",Full TimeNot specified · IT/Software Development · Engineering - Telecom/Technology · Engineering - Mechanical/Electrical · Engineering · Information Technology (IT) · Computer Science · Software Engineering · Software Development · Computer Engineering · Mechanical Engineering,https://wuzzuf.net/jobs/p/hxAbA3MV8AM4-Senior-Cloud-Engineer-ManpowerGroup-Middle-East-Abu-Dhabi-United-Arab-Emirates,1 day
Technical Lead Software Engineer (Full Stack),Aman,"6th of October, Giza, Egypt ",Full TimeExperienced · 6 - 10 Yrs of Exp · IT/Software Development · Engineering - Telecom/Technology · Java · Agile · Angular · JavaScript · React · Software Development · Computer Science · Engineering,https://wuzzuf.net/jobs/p/40n5bL7FycSK-Technical-Lead-Software-Engineer-Full-Stack-Aman-Giza-Egypt,26 days
ERPNext Customizer,ASTROCOM LLC-FZ,"Cairo, Egypt ",Work From HomeExperienced · 2 - 4 Yrs of Exp · IT/Software Development · ERPNext · ERPNext Customizer · ERPNext Impelementation,https://wuzzuf.net/jobs/p/gptQhIbWRV8n-ERPNext-Customizer-ASTROCOM-LLC-FZ-Cairo-Egypt,1 month
Solution Architect,Sscegypt,"Cairo, Egypt ",Full TimeNot specified · Customer Service/Support · IT/Software Development · Engineering - Telecom/Technology · Information Technology (IT) · Computer Science · Engineering · Computer Engineering · Software Engineering · Software Development · Solution Architecture,https://wuzzuf.net/jobs/p/A27QpuH8Hj3S-Solution-Architect-Sscegypt-Cairo-Egypt,2 days
Senior DevOps Engineer,NFQ Technologies,"Cairo, Egypt ",Full TimeNot specified · IT/Software Development · Engineering - Telecom/Technology · Engineering - Mechanical/Electrical · Engineering · Information Technology (IT) · Computer Science · Software Engineering · Software Development · Computer Engineering · Mechanical Engineering,https://wuzzuf.net/jobs/p/TTidncE76pCq-Senior-DevOps-Engineer-NFQ-Technologies-Cairo-Egypt,3 days
Senior DevOps Engineer,Albostany for real estate,"Cairo, Egypt ",Full TimeNot specified · IT/Software Development · Engineering - Telecom/Technology · Engineering - Mechanical/Electrical · Engineering · Information Technology (IT) · Computer Science · Software Engineering · Software Development · Computer Engineering · Mechanical Engineering,https://wuzzuf.net/jobs/p/EtOzxDsylEV1-Senior-DevOps-Engineer-Albostany-for-real-estate-Cairo-Egypt,15 days
Senior Odoo Developer,Perfect tech,"Nasr City, Cairo, Egypt ",Full TimeSenior Management · 3 - 5 Yrs of Exp · Business Development · IT/Software Development · Engineering - Telecom/Technology · developer · Computer Science · Information Technology (IT) · Odoo Developer · senior · Software Development · Software Engineering,https://wuzzuf.net/jobs/p/Pd8FiQrBmSck-Senior-Odoo-Developer-Perfect-tech-Cairo-Egypt,1 month
Business Intelligence Support Specialist,Vodafone - Egypt,"Cairo, Egypt ",Full TimeNot specified · Customer Service/Support · IT/Software Development · Engineering - Telecom/Technology · Computer Science · Information Technology (IT) · SQL · Software Engineering · Business Development · Customer Care · Customer Service,https://wuzzuf.net/jobs/p/3lLrtM0u7bUd-Business-Intelligence-Support-Specialist-Vodafone---Egypt-Cairo-Egypt,13 days
Senior Cloud Engineer,Manpower,"Abu Dhabi, United Arab Emirates ",Full TimeNot specified · IT/Software Development · Engineering - Telecom/Technology · Engineering - Mechanical/Electrical · Engineering · Information Technology (IT) · Computer Science · Software Engineering · Software Development · Computer Engineering · Mechanical Engineering,https://wuzzuf.net/jobs/p/g/Sobab1k2pt7I-Senior-Cloud-Engineer-Manpower-Abu-Dhabi-United-Arab-Emirates,1 hour
Sr. Software Engineer,yalla fel sekka,"Cairo, Egypt ",Full TimeNot specified · IT/Software Development · Quality · Engineering - Telecom/Technology · Information Technology (IT) · Computer Science · Software Engineering · Software Development · Engineering · Software · Software Testing,https://wuzzuf.net/jobs/p/K8Z0kmDf2w7W-Sr-Software-Engineer-yalla-fel-sekka-Cairo-Egypt,28 days
Senior IOT Engineer,Noases,"Nasr City, Cairo, Egypt ",Full TimeExperienced · 3 - 5 Yrs of Exp · IT/Software Development · Information Technology (IT) · Software Development · MySQL · SQL · Software · Engineering,https://wuzzuf.net/jobs/p/uPujStCZE9Cz-Senior-IOT-Engineer-Noases-Cairo-Egypt,2 months
Senior Growth Manager,Careem,"Dubai, United Arab Emirates ",Full TimeNot specified · IT/Software Development · Project/Program Management · Sales/Retail · Sales · Sales Skills · Customer Service · Marketing · Project Management · Information Technology (IT) · Customer Support,https://wuzzuf.net/jobs/p/g/kbDTA3WfBkR8-Senior-Growth-Manager-Careem-Dubai-United-Arab-Emirates,1 hour
Odoo Functional Consultant & Project Manager,Quick Services,"Shorouk City, Cairo, Egypt ",Full TimeManager · 4 - 9 Yrs of Exp · IT/Software Development · Project/Program Management · Strategy/Consulting · Odoo functional consultant · Odoo functional · Project Management · Functional · ERP,https://wuzzuf.net/jobs/p/czcfIFRJ8484-Odoo-Functional-Consultant-Project-Manager-Quick-Services-Cairo-Egypt,1 month
Growth Manager,Careem,"Dubai, United Arab Emirates ",Full TimeNot specified · Operations/Management · Marketing/PR/Advertising · Media/Journalism/Publishing · Marketing · Social Media · SEO · Digital Marketing · SEM · Growth · Management,https://wuzzuf.net/jobs/p/YJODFfjtL2FC-Growth-Manager-Careem-Dubai-United-Arab-Emirates,5 days
Senior Data Analyst,Dubizzle,"Cairo, Egypt ",Full TimeNot specified · IT/Software Development · Analyst/Research · Engineering - Telecom/Technology · Information Technology (IT) · Computer Science · Analysis · Data Analysis · Business Analysis · Microsoft Office · SQL,https://wuzzuf.net/jobs/p/q3RJq3l6fySB-Senior-Data-Analyst-Dubizzle-Cairo-Egypt,9 days
Business Intelligence Engineer,Amazon Middle East and North Africa FZ-LLC - F52,"Dubai, United Arab Emirates ",Full TimeNot specified · Business Development · IT/Software Development · Engineering - Telecom/Technology · Computer Science · Information Technology (IT) · Engineering · Business Intelligence · Business Development · SQL · BI,https://wuzzuf.net/jobs/p/CZIAACoRzDeJ-Business-Intelligence-Engineer-Amazon-Middle-East-and-North-Africa-FZ-LLC---F52-Dubai-United-Arab-Emirates,26 days
Senior DevOps Engineer,"Integrant, Inc.","Cairo, Egypt ",Full TimeNot specified · IT/Software Development · Engineering - Telecom/Technology · Engineering - Mechanical/Electrical · Engineering · Information Technology (IT) · Computer Science · Software Engineering · Software Development · Computer Engineering · Mechanical Engineering,https://wuzzuf.net/jobs/p/cW7yfMoapmhK-Senior-DevOps-Engineer-Integrant-Inc-Cairo-Egypt,11 days
Senior Application Specialist,Manpower,"Dubai, United Arab Emirates ",Full TimeNot specified · IT/Software Development · Marketing/PR/Advertising · Media/Journalism/Publishing · Marketing · Social Media · Information Technology (IT) · Human Resources (HR) · Computer Science · E-marketing · Microsoft Office,https://wuzzuf.net/jobs/p/g/Mbs3M0PeocRY-Senior-Application-Specialist-Manpower-Dubai-United-Arab-Emirates,14 hours
R/Shiny Developer,Appsilon,"Cairo, Egypt ",Full TimeNot specified · R&D/Science · IT/Software Development · Engineering - Telecom/Technology · Information Technology (IT) · Computer Science · HTML5 · R&amp;D · CSS3 · Computer Engineering · Angular,https://wuzzuf.net/jobs/p/HWHzrRFRoGvC-RShiny-Developer-Appsilon-Cairo-Egypt,1 day
IT Services & Consulting,Beinex,"Dubai, United Arab Emirates ",Full TimeNot specified · Customer Service/Support · IT/Software Development · Engineering - Telecom/Technology · Information Technology (IT) · Customer Service · Computer Science · Customer Support · Customer Care · Sales · Sales Skills,https://wuzzuf.net/jobs/p/qMWxwTQXCxUK-IT-Services-Consulting-Beinex-Dubai-United-Arab-Emirates,20 days
Security Engineer,Core42,"Dubai, United Arab Emirates ",Full TimeEntry Level · Installation/Maintenance/Repair · IT/Software Development · Engineering - Telecom/Technology · Information Technology (IT) · Computer Science · Engineering · Security · Computer Engineering · Software Engineering · Networking,https://wuzzuf.net/jobs/p/g/NaNRVppE3ZMr-Security-Engineer-Core42-Dubai-United-Arab-Emirates,2 hours
Senior Security Engineer,Core42,"Dubai, United Arab Emirates ",Full TimeExperienced · IT/Software Development · Engineering - Telecom/Technology · Engineering - Mechanical/Electrical · Engineering · Information Technology (IT) · Computer Science · Software Engineering · Software Development · Computer Engineering · Electrical Engineering,https://wuzzuf.net/jobs/p/g/TZvasRhotkdn-Senior-Security-Engineer-Core42-Dubai-United-Arab-Emirates,2 hours
Senior Data Engineer,Mozn,"Riyadh, Saudi Arabia ",Full TimeNot specified · IT/Software Development · Engineering - Telecom/Technology · Engineering - Mechanical/Electrical · Engineering · Information Technology (IT) · Computer Science · Software Engineering · Software Development · Computer Engineering · Mechanical Engineering,https://wuzzuf.net/jobs/p/Ww7zDNcpxBV5-Senior-Data-Engineer-Mozn-Riyadh-Saudi-Arabia,5 days
Analyst,Careem,"Dubai, United Arab Emirates ",Full TimeNot specified · IT/Software Development · Analyst/Research · Engineering - Telecom/Technology · Analysis · Information Technology (IT) · Computer Science · Business Analysis · Finance · Accounting · Microsoft Office,https://wuzzuf.net/jobs/p/QDHwDyi7UfdP-Analyst-Careem-Dubai-United-Arab-Emirates,2 days
Solution Architect - Abu Dhabi UAE Ref. 005213,Novancy Consulting,"Dubai, United Arab Emirates ",Full TimeNot specified · Customer Service/Support · IT/Software Development · Engineering - Telecom/Technology · Information Technology (IT) · Computer Science · Engineering · Computer Engineering · Software Engineering · Software Development · Solution Architecture,https://wuzzuf.net/jobs/p/v8tJijri9zFf-Solution-Architect---Abu-Dhabi-UAE-Ref-005213-Novancy-Consulting-Dubai-United-Arab-Emirates,15 days
Network Systems Engineer (Pre-Sales) - Cloud Networking,"Arista Networks, Inc.","Riyadh, Saudi Arabia ",Full TimeNot specified · Installation/Maintenance/Repair · IT/Software Development · Engineering - Telecom/Technology · Information Technology (IT) · Computer Science · Engineering · Computer Engineering · Installation · Networking · Networks,https://wuzzuf.net/jobs/p/hli6eIq405yd-Network-Systems-Engineer-Pre-Sales---Cloud-Networking-Arista-Networks-Inc-Riyadh-Saudi-Arabia,28 days
Data & Analytics Analyst,Alphapartners,"Dubai, United Arab Emirates ",Full TimeNot specified · Administration · IT/Software Development · Engineering - Telecom/Technology · Information Technology (IT) · Computer Science · Data Entry · Microsoft Office · Administration · Data Analysis · Software Development,https://wuzzuf.net/jobs/p/jXdNujMgsUth-Data-Analytics-Analyst-Alphapartners-Dubai-United-Arab-Emirates,13 days
Data & Analytics Analyst,Careem,"Dubai, United Arab Emirates ",Full TimeNot specified · Administration · IT/Software Development · Engineering - Telecom/Technology · Information Technology (IT) · Computer Science · Data Entry · Microsoft Office · Administration · Data Analysis · Software Development,https://wuzzuf.net/jobs/p/5T72s1N2q8dr-Data-Analytics-Analyst-Careem-Dubai-United-Arab-Emirates,13 days
URGENT FULLTIME: **Upwork** Junior Cover Letter Writer,Retan,"Cairo, Egypt ",Full TimeWork From HomeEntry Level · 1 - 3 Yrs of Exp · Writing/Editorial · Copywriting · Proposal Writing · English Literature,https://wuzzuf.net/jobs/p/vaq4GCMvKq3P-URGENT-FULLTIME-Upwork-Junior-Cover-Letter-Writer-Retan-Cairo-Egypt,13 days
Application Senior Developer,Sky logistics,"6th of October, Giza, Egypt ",Full TimeExperienced · 2 - 5 Yrs of Exp · IT/Software Development · Software Development · Information Technology (IT) · JavaScript · Git · Computer Science · SQL · Software Engineering,https://wuzzuf.net/jobs/p/LCfw0sSzayE0-Application-Senior-Developer-Sky-logistics-Giza-Egypt,2 months
Senior Cloud Automation Engineer,Evolvice GmbH,"Cairo, Egypt ",Full TimeExperienced · 4 - 8 Yrs of Exp · IT/Software Development · AWS · Engineering,https://wuzzuf.net/jobs/p/SczEh9ilpQZn-Senior-Cloud-Automation-Engineer-Evolvice-GmbH-Cairo-Egypt,2 months
"IT Support Engineer, OPS Tech IT",Souq.com for E-Commerce LLC - G32,"Cairo, Egypt ",Full TimeNot specified · Installation/Maintenance/Repair · IT/Software Development · Engineering - Telecom/Technology · Information Technology (IT) · Computer Science · Technical Support · Engineering · Troubleshooting · Installation · Computer Engineering,https://wuzzuf.net/jobs/p/JpSG0qvVv142-IT-Support-Engineer-OPS-Tech-IT-Souq-com-for-E-Commerce-LLC---G32-Cairo-Egypt,25 days
